[
  {
    "title": "Gesture control",
    "imageSrc": "projects/project.png",
    "description": "Built a sign language interpreter using computer vision and machine learning.",
    "skills": ["mediapipe", "python", "computer vision"],
    "source": "https://github.com/Madhushree-M-G/gestures"
  },
  {
    "title": "Kidney stone detection",
    "imageSrc": "projects/kidney.png",
    "description": "Developed a system to detect kidney stones in ultrasound images using Otsu thresholding",
    "skills": ["OpenCV","Numpy", "Scikit-image"],
    "source": "https://github.com/Madhushree-M-G/kidney_stone_detection"
  },
  {
    "title": "Food Receipe app",
    "imageSrc": "projects/food.png",
    "description": "Fetches a list of recipes using Spoonacular API and handling requests using Postman API",
    "skills": ["React", "PostmanAPI","HTML","CSS"],
    "source": "https://github.com/Madhushree-M-G/FoodApp"
  }
]
